City_ID,City,Country,Date,Lat,Lng,Max Temp,Humidity,Cloudiness,Wind Speed
0,Marsh Harbour,BS,2022-07-12 20:29:44,26.5412,-77.0636,85.14,72,37,12.01
1,Yellowknife,CA,2022-07-12 20:28:12,62.456,-114.3525,72.12,60,75,17.27
2,Punta Arenas,CL,2022-07-12 20:29:44,-53.15,-70.9167,33.82,100,100,6.91
3,Limbang,MY,2022-07-12 20:29:44,4.75,115.0,78.06,98,100,2.44
4,Nioro,GM,2022-07-12 20:29:45,13.35,-15.75,84.4,71,89,10.29
5,Tasiilaq,GL,2022-07-12 20:29:45,65.6145,-37.6368,48.36,82,83,6.58
6,Luderitz,NA,2022-07-12 20:29:45,-26.6481,15.1594,57.74,67,0,14.63
7,Albany,US,2022-07-12 20:29:46,42.6001,-73.9662,88.36,38,27,13.33
8,Halifax,CA,2022-07-12 20:25:56,44.6453,-63.5724,71.69,64,20,17.27
9,Mataura,NZ,2022-07-12 20:29:42,-46.1927,168.8643,43.48,98,100,5.17
10,Bredasdorp,ZA,2022-07-12 20:29:46,-34.5322,20.0403,49.59,87,0,5.12
11,Ipora,BR,2022-07-12 20:29:47,-16.4419,-51.1178,84.51,26,59,4.07
12,Naze,JP,2022-07-12 20:29:47,28.3667,129.4833,76.12,89,90,6.42
13,Rikitea,PF,2022-07-12 20:29:47,-23.1203,-134.9692,74.86,73,12,15.17
14,Upernavik,GL,2022-07-12 20:29:48,72.7868,-56.1549,42.53,84,76,2.48
15,Kapaa,US,2022-07-12 20:29:48,22.0752,-159.319,82.38,78,100,13.8
16,Srandakan,ID,2022-07-12 20:29:48,-7.9386,110.2506,75.04,89,93,5.03
17,Hilo,US,2022-07-12 20:29:47,19.7297,-155.09,85.28,72,75,10.36
18,Cape Town,ZA,2022-07-12 20:27:49,-33.9258,18.4232,58.37,89,0,8.05
19,Vaini,TO,2022-07-12 20:29:49,-21.2,-175.2,75.36,88,75,6.91
20,Ushuaia,AR,2022-07-12 20:29:46,-54.8,-68.3,38.86,81,75,9.22
21,Nikolskoye,RU,2022-07-12 20:29:49,59.7035,30.7861,67.91,98,68,5.39
22,Busselton,AU,2022-07-12 20:29:50,-33.65,115.3333,55.83,84,22,6.76
23,Namatanai,PG,2022-07-12 20:29:50,-3.6667,152.4333,78.73,81,17,6.49
24,Varzea Grande,BR,2022-07-12 20:29:51,-15.6467,-56.1325,87.67,45,20,12.66
25,Vestmannaeyjar,IS,2022-07-12 20:29:51,63.4427,-20.2734,53.17,74,100,20.71
26,New Norfolk,AU,2022-07-12 20:29:52,-42.7826,147.0587,42.3,83,90,1.01
27,Gawler,AU,2022-07-12 20:29:52,-34.6,138.7333,43.48,98,5,1.28
28,Atuona,PF,2022-07-12 20:29:53,-9.8,-139.0333,77.56,79,57,18.92
29,Clyde,US,2022-07-12 20:29:53,41.3042,-82.9752,82.69,51,60,13.98
30,Cabedelo,BR,2022-07-12 20:29:53,-6.9811,-34.8339,79.47,80,12,11.9
31,Valea Dragului,RO,2022-07-12 20:29:54,44.2122,26.3036,71.4,36,88,6.87
32,Hamilton,US,2022-07-12 20:28:04,39.1834,-84.5333,90.95,43,0,14.97
33,Jamestown,US,2022-07-12 20:29:14,42.097,-79.2353,80.06,57,75,17.27
34,Kaitangata,NZ,2022-07-12 20:29:54,-46.2817,169.8464,45.27,96,100,14.14
35,Semirom,IR,2022-07-12 20:29:54,31.4167,51.5667,66.36,19,2,1.21
36,Oeiras Do Para,BR,2022-07-12 20:29:55,-2.0031,-49.8544,87.17,60,91,2.64
37,Bethel,US,2022-07-12 20:29:55,41.3712,-73.414,90.45,62,40,12.66
38,Kitimat,CA,2022-07-12 20:29:56,54.0524,-128.6534,55.78,23,100,1.01
39,Isangel,VU,2022-07-12 20:29:56,-19.55,169.2667,69.91,94,20,0.0
40,Petrozavodsk,RU,2022-07-12 20:29:56,61.7849,34.3469,67.48,88,100,2.24
41,Soyo,AO,2022-07-12 20:29:57,-6.1349,12.3689,70.34,88,8,8.93
42,Monte Patria,CL,2022-07-12 20:29:57,-30.6919,-70.9467,69.85,20,6,3.33
43,Hasaki,JP,2022-07-12 20:29:57,35.7333,140.8333,73.8,93,100,8.19
44,Bengkulu,ID,2022-07-12 20:29:58,-3.8004,102.2655,74.95,93,100,4.09
45,Hobart,AU,2022-07-12 20:30:58,-42.8794,147.3294,42.66,86,20,5.75
46,Kastamonu,TR,2022-07-12 20:30:58,41.5,33.6667,55.09,90,1,2.33
47,Haines Junction,CA,2022-07-12 20:30:59,60.7522,-137.5108,46.35,93,100,1.14
48,Iqaluit,CA,2022-07-12 20:29:50,63.7506,-68.5145,55.13,82,100,3.44
49,Fortuna,US,2022-07-12 20:30:59,40.5982,-124.1573,67.93,75,0,7.0
50,Rio Gallegos,AR,2022-07-12 20:30:34,-51.6226,-69.2181,30.25,93,100,13.8
51,Kouango,CF,2022-07-12 20:31:00,4.9934,19.9619,71.17,92,100,2.44
52,Mbandaka,CD,2022-07-12 20:31:00,0.0487,18.2603,75.11,59,89,0.96
53,Riesa,DE,2022-07-12 20:31:01,51.3,13.3,71.04,54,30,6.49
54,Makakilo City,US,2022-07-12 20:31:01,21.3469,-158.0858,81.01,60,20,17.27
55,Roswell,US,2022-07-12 20:31:01,34.0232,-84.3616,91.42,62,100,3.44
56,Saurimo,AO,2022-07-12 20:31:02,-9.6608,20.3916,61.9,37,4,4.36
57,Georgetown,MY,2022-07-12 20:30:44,5.4112,100.3354,76.95,94,40,2.3
58,Carnarvon,AU,2022-07-12 20:31:02,-24.8667,113.6333,64.94,69,0,2.73
59,Dikson,RU,2022-07-12 20:31:03,73.5069,80.5464,38.77,86,13,2.37
60,Barrow,US,2022-07-12 20:31:03,71.2906,-156.7887,37.42,93,100,8.05
61,Ilulissat,GL,2022-07-12 20:31:03,69.2167,-51.1,44.62,81,75,3.44
62,Bluff,NZ,2022-07-12 20:30:55,-46.6,168.3333,43.81,92,100,21.72
63,Puerto Ayora,EC,2022-07-12 20:31:04,-0.7393,-90.3518,80.56,86,24,8.01
64,Torbay,CA,2022-07-12 20:31:04,47.6666,-52.7314,70.57,66,40,12.66
65,Russell,US,2022-07-12 20:31:05,32.3502,-85.1999,90.01,62,75,6.91
66,Kruisfontein,ZA,2022-07-12 20:31:05,-34.0033,24.7314,51.26,75,0,5.93
67,Arroyo,ES,2022-07-12 20:31:05,41.6096,-4.7969,90.61,22,0,6.91
68,Faya,SA,2022-07-12 20:31:06,18.3851,42.4509,68.11,42,100,4.52
69,Provideniya,RU,2022-07-12 20:31:06,64.3833,-173.3,51.91,93,75,4.47
70,Payson,US,2022-07-12 20:31:07,40.0444,-111.7321,96.46,21,0,7.0
71,Qaanaaq,GL,2022-07-12 20:31:07,77.484,-69.3632,42.53,68,69,5.23
72,Opuwo,NA,2022-07-12 20:31:08,-18.0607,13.84,63.34,32,0,7.2
73,Alice Springs,AU,2022-07-12 20:26:12,-23.7,133.8833,33.35,93,0,0.0
74,Bolshoy Kamen,RU,2022-07-12 20:31:08,43.1225,132.3583,64.29,96,91,1.92
75,Vanimo,PG,2022-07-12 20:31:09,-2.6741,141.3028,76.96,86,35,4.27
76,Salinas,US,2022-07-12 20:26:12,36.6777,-121.6555,81.0,60,40,11.5
77,Hermanus,ZA,2022-07-12 20:31:09,-34.4187,19.2345,45.81,82,0,10.63
78,Esperance,AU,2022-07-12 20:31:10,-33.8667,121.9,51.17,55,0,7.34
79,Broken Hill,AU,2022-07-12 20:31:10,-31.95,141.4333,40.28,94,1,12.53
80,Rocha,UY,2022-07-12 20:31:11,-34.4833,-54.3333,41.95,76,18,6.04
81,Te Anau,NZ,2022-07-12 20:31:11,-45.4167,167.7167,38.44,99,100,2.59
82,Saldanha,ZA,2022-07-12 20:31:11,-33.0117,17.9442,48.25,78,0,6.17
83,Kedrovyy,RU,2022-07-12 20:31:12,56.1667,91.8167,52.21,98,100,3.56
84,Faanui,PF,2022-07-12 20:31:13,-16.4833,-151.75,77.97,73,0,9.26
85,Praia Da Vitoria,PT,2022-07-12 20:31:13,38.7333,-27.0667,75.76,94,75,11.83
86,Vilkaviskis,LT,2022-07-12 20:31:13,54.6517,23.0322,61.56,96,100,20.74
87,Ostersund,SE,2022-07-12 20:31:14,63.1792,14.6357,66.65,55,100,1.01
88,Iisalmi,FI,2022-07-12 20:31:14,63.5592,27.1907,61.79,93,6,4.79
89,Kahului,US,2022-07-12 20:31:14,20.8947,-156.47,82.98,69,100,20.71
90,Ponta Do Sol,PT,2022-07-12 20:32:15,32.6667,-17.1,72.01,71,37,2.51
91,Itabira,BR,2022-07-12 20:32:15,-19.6192,-43.2269,67.84,45,70,1.43
92,Cayenne,GF,2022-07-12 20:31:02,4.9333,-52.3333,87.84,18,0,13.8
93,Manono,CD,2022-07-12 20:32:16,-7.3,27.4167,74.61,40,38,4.23
94,El Alto,PE,2022-07-12 20:32:16,-4.2714,-81.2147,71.26,73,18,19.24
95,Port Alfred,ZA,2022-07-12 20:31:03,-33.5906,26.891,58.32,70,0,8.93
96,Dubai,AE,2022-07-12 20:30:02,25.2582,55.3047,93.13,70,0,2.3
97,Lebu,CL,2022-07-12 20:32:16,-37.6167,-73.65,49.87,86,97,7.38
98,Macaubas,BR,2022-07-12 20:32:17,-13.0194,-42.6986,75.36,51,11,7.99
99,Popova,RU,2022-07-12 20:32:17,42.9603,131.7228,62.76,97,99,7.83
100,Ornskoldsvik,SE,2022-07-12 20:32:18,63.2909,18.7153,63.55,63,73,4.61
101,Geraldton,AU,2022-07-12 20:28:00,-28.7667,114.6,50.41,81,0,5.75
102,Ribeira Grande,PT,2022-07-12 20:32:18,38.5167,-28.7,77.4,61,20,12.66
103,Arlit,NE,2022-07-12 20:32:18,18.7369,7.3853,96.17,22,60,3.62
104,Avarua,CK,2022-07-12 20:32:19,-21.2078,-159.775,77.05,61,75,6.91
105,Aljezur,PT,2022-07-12 20:32:19,37.3191,-8.8033,74.82,65,100,7.94
106,Tuatapere,NZ,2022-07-12 20:32:19,-46.1333,167.6833,42.91,95,100,7.27
107,Santo Antonio Do Ica,BR,2022-07-12 20:32:20,-3.1022,-67.9397,83.82,72,97,3.04
108,Batagay-Alyta,RU,2022-07-12 20:32:20,67.8006,130.4114,60.93,60,26,3.33
109,Panaba,MX,2022-07-12 20:32:20,21.2833,-88.2667,92.21,43,100,11.14
110,Chapais,CA,2022-07-12 20:32:21,49.7834,-74.8492,69.58,84,100,8.5
111,Mount Isa,AU,2022-07-12 20:31:07,-20.7333,139.5,46.17,49,4,0.0
112,Ust-Kuyga,RU,2022-07-12 20:32:21,70.0167,135.6,41.56,85,100,5.93
113,Butaritari,KI,2022-07-12 20:32:21,3.0707,172.7902,81.77,78,92,18.81
114,Karratha,AU,2022-07-12 20:32:22,-20.7377,116.8463,63.82,51,0,9.98
115,Broome,US,2022-07-12 20:32:22,42.2506,-75.833,87.66,50,20,13.8
116,Cabo San Lucas,MX,2022-07-12 20:32:23,22.8909,-109.9124,99.7,51,0,4.61
117,Clyde River,CA,2022-07-12 20:30:26,70.4692,-68.5914,44.83,70,20,9.22
118,Corning,US,2022-07-12 20:32:23,42.1428,-77.0547,89.64,40,40,18.41
119,Hithadhoo,MV,2022-07-12 20:32:23,-0.6,73.0833,82.63,75,100,11.27
120,Mahebourg,MU,2022-07-12 20:32:24,-20.4081,57.7,71.89,64,75,14.97
121,Masterton,NZ,2022-07-12 20:32:24,-40.9597,175.6575,55.89,78,23,18.5
122,Tiksi,RU,2022-07-12 20:32:24,71.6872,128.8694,35.55,96,100,9.62
123,Udachnyy,RU,2022-07-12 20:32:25,66.4167,112.4,50.45,93,0,5.26
124,Cidreira,BR,2022-07-12 20:32:25,-30.1811,-50.2056,52.12,73,100,13.71
125,General Roca,AR,2022-07-12 20:32:26,-39.0333,-67.5833,61.63,38,44,7.72
126,Chuy,UY,2022-07-12 20:32:26,-33.6971,-53.4616,44.82,75,43,5.73
127,Yokadouma,CM,2022-07-12 20:32:26,3.5167,15.05,68.9,93,100,2.48
128,Longyearbyen,SJ,2022-07-12 20:32:27,78.2186,15.6401,46.24,93,75,2.3
129,East London,ZA,2022-07-12 20:32:27,-33.0153,27.9116,58.91,72,0,8.9
130,Sao Jose Da Coroa Grande,BR,2022-07-12 20:30:54,-8.8978,-35.1478,75.9,83,92,5.73
131,Katsuura,JP,2022-07-12 20:32:27,35.1333,140.3,73.42,94,98,5.61
132,Susangerd,IR,2022-07-12 20:32:28,31.5608,48.1831,99.5,13,4,16.22
133,Dimitrovgrad,RU,2022-07-12 20:32:28,54.2139,49.6184,74.89,61,71,9.1
134,Mopipi,BW,2022-07-12 20:32:29,-21.1833,24.8833,58.82,36,2,7.92
135,Srednekolymsk,RU,2022-07-12 20:32:29,67.45,153.6833,72.07,50,26,6.06
136,Berlevag,NO,2022-07-12 20:33:29,70.8578,29.0864,67.95,60,0,11.5
137,Sayville,US,2022-07-12 20:33:30,40.7359,-73.0821,85.64,78,20,20.71
138,Kapoeta,SS,2022-07-12 20:33:30,4.7717,33.5903,80.78,42,61,13.96
139,Lulea,SE,2022-07-12 20:33:31,65.5842,22.1547,64.47,77,0,3.44
140,Fare,PF,2022-07-12 20:33:31,-16.7,-151.0167,78.12,69,5,9.22
141,Maiduguri,NG,2022-07-12 20:33:31,11.8464,13.1603,87.57,49,100,11.92
142,San Ignacio,BZ,2022-07-12 20:33:32,17.1561,-89.0714,89.74,70,40,4.61
143,Marawi,PH,2022-07-12 20:33:32,7.9986,124.2928,68.83,93,41,2.19
144,Camacha,PT,2022-07-12 20:33:32,33.0833,-16.3333,65.62,77,20,9.22
145,Bhainsdehi,IN,2022-07-12 20:33:33,21.6467,77.6325,70.66,97,100,12.44
146,Salisbury,GB,2022-07-12 20:32:18,51.0693,-1.7957,75.97,62,75,4.61
147,Viedma,AR,2022-07-12 20:33:34,-40.8135,-62.9967,53.15,39,5,15.57
148,Severo-Kurilsk,RU,2022-07-12 20:32:16,50.6789,156.125,54.81,91,62,1.41
149,Saint-Philippe,RE,2022-07-12 20:33:34,-21.3585,55.7679,69.39,74,30,11.05
150,Seljord,NO,2022-07-12 20:29:10,59.4894,8.634,66.4,75,25,3.4
151,Pelym,RU,2022-07-12 20:33:34,61.0108,61.9978,63.07,95,100,5.1
152,Laguna,US,2022-07-12 20:32:31,38.421,-121.4238,99.32,33,0,11.5
153,Moerai,PF,2022-07-12 20:33:35,-22.4333,-151.3333,72.07,69,93,13.73
154,Okha,RU,2022-07-12 20:33:35,53.5739,142.9478,58.8,76,0,11.61
155,Kindersley,CA,2022-07-12 20:33:36,51.4668,-109.1682,84.22,42,20,12.66
156,Ahipara,NZ,2022-07-12 20:33:36,-35.1667,173.1667,59.02,83,96,11.21
157,Namanga,KE,2022-07-12 20:33:36,-2.5433,36.7905,60.03,78,93,6.6
158,Kodiak,US,2022-07-12 20:33:37,57.79,-152.4072,56.71,88,100,4.61
159,Bay City,US,2022-07-12 20:33:02,43.5945,-83.8889,77.11,71,100,14.97
160,High Rock,BS,2022-07-12 20:33:37,26.6208,-78.2833,89.62,71,43,10.36
161,Hue,VN,2022-07-12 20:33:38,16.4667,107.6,78.91,94,20,2.3
162,Baruun-Urt,MN,2022-07-12 20:33:38,46.6806,113.2792,56.34,93,84,6.78
163,Les Cayes,HT,2022-07-12 20:33:39,18.2,-73.75,85.46,64,57,11.27
164,Codrington,AU,2022-07-12 20:33:39,-38.2667,141.9667,50.31,74,39,10.76
165,Khatanga,RU,2022-07-12 20:29:51,71.9667,102.5,37.44,95,100,10.94
166,Fairbanks,US,2022-07-12 20:28:52,64.8378,-147.7164,73.22,70,75,3.44
167,Ode,NG,2022-07-12 20:33:40,7.7899,5.7117,69.94,98,69,7.65
168,Pitimbu,BR,2022-07-12 20:33:40,-7.4706,-34.8086,79.39,80,64,9.66
169,Chateau-Gontier,FR,2022-07-12 20:33:40,47.8333,-0.7,83.12,31,87,7.99
170,Ostrovnoy,RU,2022-07-12 20:33:41,68.0531,39.5131,57.16,97,100,4.88
171,Muravlenko,RU,2022-07-12 20:33:41,63.7898,74.523,54.86,55,99,7.29
172,Zhangjiakou,CN,2022-07-12 20:33:41,40.81,114.8794,65.66,91,21,2.57
173,Loikaw,MM,2022-07-12 20:33:42,19.6742,97.2094,68.0,98,99,1.43
174,Mahanoro,MG,2022-07-12 20:33:42,-19.9,48.8,64.74,92,61,5.5
175,Oranjemund,NA,2022-07-12 20:33:43,-28.55,16.4333,54.57,88,0,9.6
176,Udimskiy,RU,2022-07-12 20:33:43,61.1417,45.9144,61.65,95,100,5.1
177,La Ronge,CA,2022-07-12 20:33:44,55.1001,-105.2842,77.25,36,20,8.05
178,Hays,US,2022-07-12 20:34:44,30.0502,-98.0336,107.55,32,12,1.99
179,Herat,AF,2022-07-12 20:34:45,34.5,62.0,74.34,27,0,31.81
180,Richards Bay,ZA,2022-07-12 20:34:45,-28.783,32.0377,64.81,85,28,5.99
181,Nanortalik,GL,2022-07-12 20:34:45,60.1432,-45.2371,42.96,85,34,9.15
182,Camargo,MX,2022-07-12 20:34:46,27.6667,-105.1667,93.6,22,43,15.3
183,Teahupoo,PF,2022-07-12 20:34:46,-17.8333,-149.2667,75.16,81,60,16.04
184,Puerto Madero,MX,2022-07-12 20:34:47,14.7208,-92.4215,88.0,74,75,5.75
185,Makat,KZ,2022-07-12 20:34:47,47.6469,53.3463,89.15,26,51,9.93
186,Beidao,CN,2022-07-12 20:34:47,34.5686,105.8933,67.73,97,100,0.83
187,Poum,NC,2022-07-12 20:34:48,-20.2333,164.0167,74.93,87,98,14.36
188,Jalu,LY,2022-07-12 20:34:48,29.0331,21.5482,79.93,54,0,17.11
189,Bambous Virieux,MU,2022-07-12 20:33:44,-20.3428,57.7575,71.85,64,75,14.97
190,San Javier,ES,2022-07-12 20:34:48,37.8063,-0.8374,83.46,62,0,5.75
191,Ancud,CL,2022-07-12 20:34:49,-41.8697,-73.8203,41.23,70,93,12.84
192,Henniker,US,2022-07-12 20:34:49,43.1798,-71.8223,89.2,62,86,11.7
193,Lakes Entrance,AU,2022-07-12 20:34:50,-37.8811,147.981,44.17,90,67,11.1
194,Manaus,BR,2022-07-12 20:32:38,-3.1019,-60.025,91.9,58,20,10.36
195,Yulara,AU,2022-07-12 20:34:51,-25.2406,130.9889,42.89,75,0,8.52
196,Manakara,MG,2022-07-12 20:34:51,-22.1333,48.0167,63.5,92,8,4.0
197,Nouadhibou,MR,2022-07-12 20:34:52,20.931,-17.0347,71.58,83,40,20.71
198,Cullman,US,2022-07-12 20:32:39,34.1748,-86.8436,92.44,55,75,1.01
199,Kirakira,SB,2022-07-12 20:34:52,-10.4544,161.9205,80.89,79,57,10.78
200,Elko,US,2022-07-12 20:34:53,41.0002,-115.5012,96.75,15,27,8.01
201,Kaoma,ZM,2022-07-12 20:34:53,-14.7833,24.8,61.0,46,1,9.42
202,Babu,CN,2022-07-12 20:34:53,24.4167,111.5167,78.15,89,1,2.21
203,Nantucket,US,2022-07-12 20:34:54,41.2835,-70.0995,78.91,83,0,18.41
204,Victoria,HK,2022-07-12 20:30:26,22.2855,114.1577,85.32,80,8,4.0
205,Grindavik,IS,2022-07-12 20:34:54,63.8424,-22.4338,52.27,71,75,14.97
206,Portland,US,2022-07-12 20:32:45,45.5234,-122.6762,92.61,39,0,10.36
207,Daru,PG,2022-07-12 20:34:55,-9.0763,143.2092,77.43,83,82,13.47
208,Banes,CU,2022-07-12 20:34:55,20.9625,-75.7186,87.13,61,95,12.03
209,Tulum,MX,2022-07-12 20:34:56,20.2167,-87.4667,86.02,65,100,6.96
210,Lompoc,US,2022-07-12 20:34:56,34.6391,-120.4579,85.78,64,0,14.97
211,Seydisehir,TR,2022-07-12 20:34:57,37.4193,31.8453,66.92,44,8,4.85
212,Anadyr,RU,2022-07-12 20:34:57,64.75,177.4833,61.3,67,40,11.18
213,Half Moon Bay,US,2022-07-12 20:33:07,37.4636,-122.4286,86.58,66,100,10.36
214,Progreso,MX,2022-07-12 20:34:57,21.2833,-89.6667,94.1,55,100,13.89
215,Jardim,BR,2022-07-12 20:34:58,-21.4803,-56.1381,69.73,60,100,1.99
216,Sarab,IR,2022-07-12 20:34:58,38.6066,44.9883,74.97,37,0,3.69
217,Flinders,AU,2022-07-12 20:34:59,-34.5833,150.8552,47.37,84,100,4.0
218,Sao Joao Da Barra,BR,2022-07-12 20:34:59,-21.6403,-41.0511,77.09,82,80,18.07
219,Aswan,EG,2022-07-12 20:35:00,24.0934,32.907,94.3,17,0,5.75
220,Hobyo,SO,2022-07-12 20:35:00,5.3505,48.5268,77.22,75,73,24.87
221,San Vicente,AR,2022-07-12 20:35:01,-26.6167,-54.1333,50.72,75,1,4.14
222,Harlingen,US,2022-07-12 20:35:01,26.1906,-97.6961,100.49,35,40,16.11
223,Saint-Georges,GD,2022-07-12 20:36:01,12.0564,-61.7485,83.88,74,40,20.71
224,Oksfjord,NO,2022-07-12 20:36:02,70.2396,22.3479,64.47,61,30,8.93
225,Castro,BR,2022-07-12 20:36:02,-24.7911,-50.0119,58.78,68,2,2.35
226,Pangnirtung,CA,2022-07-12 20:36:03,66.1451,-65.7125,45.84,94,100,4.32
227,Santa Cruz,BO,2022-07-12 20:32:57,-17.8,-63.1667,68.05,32,100,14.97
228,Tungawan,PH,2022-07-12 20:36:03,7.5081,122.3711,76.95,89,100,3.89
229,Villa San Giovanni,IT,2022-07-12 20:36:03,38.2276,15.6386,80.01,65,0,9.22
230,Margate,GB,2022-07-12 20:35:52,51.3813,1.3862,75.69,59,100,3.0
231,Port Hardy,CA,2022-07-12 20:31:43,50.6996,-127.4199,59.18,82,75,8.05
232,Shepsi,RU,2022-07-12 20:36:05,44.0361,39.1489,72.66,74,57,5.93
233,Salalah,OM,2022-07-12 20:36:05,17.0151,54.0924,77.09,94,75,6.91
234,Yichang,CN,2022-07-12 20:36:06,30.7144,111.2847,81.91,83,100,1.68
235,Ushtobe,KZ,2022-07-12 20:36:06,45.2514,77.9838,70.56,40,89,2.82
236,Kattivakkam,IN,2022-07-12 20:36:07,13.2167,80.3167,84.29,66,100,16.69
237,Sweetwater,US,2022-07-12 20:35:18,25.7634,-80.3731,95.0,62,75,13.0
238,Caravelas,BR,2022-07-12 20:35:07,-17.7125,-39.2481,70.12,79,10,3.98
239,Aklavik,CA,2022-07-12 20:36:07,68.2191,-135.0107,48.2,100,100,12.66
240,Nhulunbuy,AU,2022-07-12 20:36:07,-12.2333,136.7667,70.41,64,56,11.5
241,Hede,CN,2022-07-12 20:36:08,33.7681,120.2517,84.45,71,98,6.53
242,Galle,LK,2022-07-12 20:36:08,6.0367,80.217,79.25,82,19,13.73
243,Flin Flon,CA,2022-07-12 20:31:40,54.7682,-101.865,73.24,49,20,8.05
244,Pasan,IN,2022-07-12 20:36:10,22.85,82.2,79.16,77,100,5.64
245,San Policarpo,PH,2022-07-12 20:36:10,12.1791,125.5072,78.12,86,66,2.93
246,Sola,VU,2022-07-12 20:36:10,-13.8833,167.55,80.42,75,23,14.34
247,Meiganga,CM,2022-07-12 20:36:11,6.5167,14.3,64.44,97,56,1.9
248,Homer,US,2022-07-12 20:34:15,59.6425,-151.5483,64.29,64,40,1.99
249,Polewali,ID,2022-07-12 20:36:11,-3.4324,119.3435,74.5,82,79,3.09
250,Kyakhta,RU,2022-07-12 20:36:12,50.3508,106.4494,55.45,74,10,0.76
251,Awjilah,LY,2022-07-12 20:36:12,29.1081,21.2869,79.12,57,0,18.05
252,Egvekinot,RU,2022-07-12 20:36:12,66.3167,-179.1667,42.57,93,100,7.31
253,Kavieng,PG,2022-07-12 20:36:13,-2.5744,150.7967,81.84,76,44,10.78
254,Okaihau,NZ,2022-07-12 20:36:13,-35.3167,173.7833,52.52,97,95,5.66
255,Sivaki,RU,2022-07-12 20:36:14,52.6333,126.75,64.06,98,99,6.33
256,Pevek,RU,2022-07-12 20:36:14,69.7008,170.3133,36.75,97,100,19.69
257,Koping,SE,2022-07-12 20:36:14,59.514,15.9926,67.93,64,99,5.26
258,Filadelfia,US,2022-07-12 20:31:45,39.9523,-75.1638,93.22,55,40,19.57
259,Santa Maria,BR,2022-07-12 20:36:15,-29.6842,-53.8069,52.9,62,40,4.61
260,Camabatela,AO,2022-07-12 20:36:15,-8.1881,15.375,62.1,44,33,3.13
261,Saskylakh,RU,2022-07-12 20:36:16,71.9167,114.0833,39.67,81,100,11.12
262,Oranjestad,AW,2022-07-12 20:36:16,12.524,-70.027,85.95,74,20,26.46
263,Kargasok,RU,2022-07-12 20:36:16,59.0556,80.8572,52.66,60,36,5.91
264,Souillac,MU,2022-07-12 20:36:17,-20.5167,57.5167,71.98,64,75,14.97
265,Kudat,MY,2022-07-12 20:36:17,6.8837,116.8477,78.73,89,20,3.44
266,Safonovo,RU,2022-07-12 20:36:18,55.15,33.2167,53.01,97,3,8.21
267,Samarai,PG,2022-07-12 20:36:18,-10.6167,150.6667,79.27,83,32,6.42
268,Ixtapa,MX,2022-07-12 20:33:22,20.7,-105.2,88.23,70,75,12.66
269,Motygino,RU,2022-07-12 20:37:18,58.1831,94.7592,50.36,86,100,2.71
270,Kelvington,CA,2022-07-12 20:37:19,52.1667,-103.5343,74.43,52,0,5.99
271,Sistranda,NO,2022-07-12 20:33:24,63.7256,8.834,55.36,83,74,17.54
272,La Peca,PE,2022-07-12 20:37:19,-5.6111,-78.435,81.3,57,56,5.41
273,Gali,GE,2022-07-12 20:37:20,42.6265,41.7381,70.34,93,97,2.98
274,Sampit,ID,2022-07-12 20:37:20,-2.5333,112.95,73.65,98,100,1.61
275,Gloversville,US,2022-07-12 20:34:29,43.0528,-74.3438,86.56,76,0,3.44
276,Bombay,IN,2022-07-12 20:35:32,19.0144,72.8479,82.38,89,100,13.8
277,Jining,CN,2022-07-12 20:37:20,35.405,116.5814,77.0,1,100,5.21
278,Nemuro,JP,2022-07-12 20:37:21,43.3236,145.575,62.19,98,100,4.74
279,Narsaq,GL,2022-07-12 20:33:42,60.9167,-46.05,55.62,77,19,5.66
280,Deputatskiy,RU,2022-07-12 20:37:21,69.3,139.9,58.08,68,94,1.19
281,Lukovetskiy,RU,2022-07-12 20:37:22,64.2956,41.9211,68.25,71,6,4.32
282,Cherskiy,RU,2022-07-12 20:33:13,68.75,161.3,56.01,65,4,14.81
283,Wasilla,US,2022-07-12 20:33:43,61.5814,-149.4394,62.02,74,100,5.75
284,Constitucion,CL,2022-07-12 20:37:22,-35.3333,-72.4167,52.05,71,100,3.27
285,San Jeronimo,PE,2022-07-12 20:37:23,-11.9472,-75.2829,61.16,44,87,4.88
286,Olinda,BR,2022-07-12 20:33:14,-8.0089,-34.8553,78.53,78,40,13.8
287,Ahuimanu,US,2022-07-12 20:37:23,21.4447,-157.8378,85.71,69,75,12.66
288,Mackay,AU,2022-07-12 20:35:23,-21.15,149.2,55.76,77,0,9.89
289,Westport,US,2022-07-12 20:37:23,41.1415,-73.3579,89.15,77,0,17.27
290,Seversk,RU,2022-07-12 20:37:24,56.6006,84.8864,52.75,94,87,5.59
291,Mabaruma,GY,2022-07-12 20:37:24,8.2,-59.7833,78.39,91,98,6.38
292,Shelburne,CA,2022-07-12 20:37:25,44.0787,-80.2041,74.75,79,25,15.66
293,Maceio,BR,2022-07-12 20:37:25,-9.6658,-35.7353,78.24,78,40,10.36
294,Alyangula,AU,2022-07-12 20:37:25,-13.8483,136.4192,66.97,53,10,15.84
295,Matamoros,MX,2022-07-12 20:37:26,25.5333,-103.25,95.11,23,75,8.05
296,Erzin,TR,2022-07-12 20:37:26,36.9559,36.2,74.46,85,3,0.67
297,Maldonado,UY,2022-07-12 20:37:27,-34.6667,-54.9167,46.22,80,11,6.13
298,Klaksvik,FO,2022-07-12 20:37:27,62.2266,-6.589,50.92,87,100,28.99
299,Kulhudhuffushi,MV,2022-07-12 20:37:27,6.6221,73.07,81.95,76,100,13.58
300,Nouakchott,MR,2022-07-12 20:37:28,18.0858,-15.9785,76.93,86,11,15.59
301,San Cristobal,VE,2022-07-12 20:35:34,7.7669,-72.225,84.38,73,46,5.79
302,Tual,ID,2022-07-12 20:37:28,-5.6667,132.75,78.66,83,100,19.37
303,Ende,ID,2022-07-12 20:37:29,-8.8432,121.6623,72.05,83,99,6.06
304,Saint-Louis,SN,2022-07-12 20:37:29,16.3333,-15.0,85.86,47,12,18.97
305,Nishihara,JP,2022-07-12 20:37:29,26.1842,127.7558,82.45,89,20,6.91
306,Adrar,MR,2022-07-12 20:37:30,20.5022,-10.0711,97.57,7,7,9.08
307,Hambantota,LK,2022-07-12 20:37:30,6.1241,81.1185,78.76,81,37,18.81
308,Mar Del Plata,AR,2022-07-12 20:35:52,-38.0023,-57.5575,51.82,60,40,16.11
309,Mogadishu,SO,2022-07-12 20:37:28,2.0371,45.3438,76.14,83,46,20.94
310,Igarka,RU,2022-07-12 20:37:31,67.4667,86.5833,43.25,73,55,14.9
311,Choya,RU,2022-07-12 20:37:31,52.0108,86.5467,53.13,95,29,2.75
312,Shingu,JP,2022-07-12 20:37:32,33.7333,135.9833,75.47,89,51,3.27
313,Kieta,PG,2022-07-12 20:37:11,-6.2167,155.6333,80.4,81,12,5.23
314,Nchelenge,ZM,2022-07-12 20:37:32,-9.3451,28.734,68.79,48,29,3.96
315,Sao Joao Do Piaui,BR,2022-07-12 20:38:33,-8.3581,-42.2467,84.96,34,85,6.87
316,Gonbad-E Qabus,IR,2022-07-12 20:38:33,37.25,55.1672,82.31,57,0,1.14
317,Billund,DK,2022-07-12 20:38:33,55.7335,9.1078,64.18,94,75,8.05
318,Airai,TL,2022-07-12 20:33:43,-8.9266,125.4092,51.58,81,59,2.84
319,Holme,DK,2022-07-12 20:38:34,56.1138,10.1725,67.57,82,84,9.28
320,Vila Velha,BR,2022-07-12 20:38:35,-20.3297,-40.2925,76.95,83,0,11.5
321,Hay River,CA,2022-07-12 20:38:35,60.8156,-115.7999,76.98,33,75,16.11
322,Wanxian,CN,2022-07-12 20:38:36,30.8039,108.3897,82.49,78,100,4.23
323,Sisimiut,GL,2022-07-12 20:38:36,66.9395,-53.6735,42.57,86,71,5.59
324,Grover Beach,US,2022-07-12 20:38:37,35.1216,-120.6213,85.71,65,0,14.97
325,Helong,CN,2022-07-12 20:38:37,42.5397,128.9972,64.0,96,100,1.92
326,Kaka,TM,2022-07-12 20:38:38,37.3482,59.6143,83.08,23,0,5.7
327,Mikkeli,FI,2022-07-12 20:38:39,61.6886,27.2723,69.15,94,0,3.44
328,College,US,2022-07-12 20:38:39,64.8569,-147.8028,73.2,70,75,3.44
329,Port Macquarie,AU,2022-07-12 20:38:40,-31.4333,152.9167,48.83,89,95,7.81
330,Leningradskiy,RU,2022-07-12 20:38:40,69.3833,178.4167,41.72,95,100,4.38
331,Baniyas,SY,2022-07-12 20:38:40,35.1819,35.9487,79.09,80,0,3.98
332,Tura,IN,2022-07-12 20:38:41,25.5198,90.2201,75.92,90,100,3.78
333,San Patricio,US,2022-07-12 20:38:41,28.017,-97.5169,101.17,40,12,16.82
334,Lagoa,PT,2022-07-12 20:38:42,39.05,-27.9833,69.85,92,10,11.52
335,Lavrentiya,RU,2022-07-12 20:38:18,65.5833,-171.0,50.49,75,97,6.26
336,Lovozero,RU,2022-07-12 20:38:42,68.005,35.0117,59.97,95,58,5.3
337,Kikinda,RS,2022-07-12 20:38:43,45.8297,20.4653,62.91,44,36,8.63
338,Mogocha,RU,2022-07-12 20:35:14,53.7333,119.7667,56.62,98,100,2.71
339,Lima,PE,2022-07-12 20:37:38,-12.0432,-77.0282,62.85,68,40,8.05
340,Asilah,MA,2022-07-12 20:38:43,35.465,-6.0348,85.96,81,15,8.79
341,Luganville,VU,2022-07-12 20:38:44,-15.5333,167.1667,79.45,75,73,5.59
342,Pacific Grove,US,2022-07-12 20:38:44,36.6177,-121.9166,73.35,76,40,13.0
343,Krasnoyarskiy,RU,2022-07-12 20:38:44,51.965,59.8967,68.27,76,6,9.89
344,Waipawa,NZ,2022-07-12 20:38:45,-41.4122,175.5153,52.5,77,2,25.5
345,Nabisar,PK,2022-07-12 20:38:45,25.0685,69.6419,83.93,79,24,14.81
346,Monrovia,LR,2022-07-12 20:38:45,6.3005,-10.7969,75.87,87,69,8.55
347,Gidam,IN,2022-07-12 20:38:46,18.9833,81.4,71.04,97,100,9.62
348,Arraial Do Cabo,BR,2022-07-12 20:37:08,-22.9661,-42.0278,80.56,69,0,6.91
349,Metro,ID,2022-07-12 20:38:46,-5.1131,105.3067,74.55,91,100,2.86
350,Hun,LY,2022-07-12 20:38:47,29.1268,15.9477,79.25,46,0,16.06
351,Antofagasta,CL,2022-07-12 20:37:57,-23.65,-70.4,58.28,72,13,3.87
352,Thompson,CA,2022-07-12 20:38:47,55.7435,-97.8558,73.56,38,20,4.61
353,Hofn,IS,2022-07-12 20:38:48,64.2539,-15.2082,51.82,62,100,25.32
354,Akdepe,TM,2022-07-12 20:38:48,42.0551,59.3788,80.69,41,0,8.72
355,Biak,ID,2022-07-12 20:38:48,-0.9131,122.8766,74.16,91,99,6.24
356,Nuuk,GL,2022-07-12 20:38:49,64.1835,-51.7216,41.61,100,75,14.97
357,Honiara,SB,2022-07-12 20:38:49,-9.4333,159.95,79.54,72,23,5.32
358,Gostyn,PL,2022-07-12 20:38:50,51.8825,17.0123,66.65,64,2,10.83
359,Lata,PT,2022-07-12 20:38:50,40.1629,-8.3327,83.98,28,100,0.49
360,Warrington,GB,2022-07-12 20:38:51,53.3925,-2.5802,73.29,65,0,11.5
361,Sept-Iles,CA,2022-07-12 20:39:51,50.2001,-66.3821,59.52,96,100,10.36
362,Cairns,AU,2022-07-12 20:37:55,-16.9167,145.7667,62.55,91,54,9.22
363,Kalmunai,LK,2022-07-12 20:39:51,7.4167,81.8167,77.67,66,39,6.4
364,Sorland,NO,2022-07-12 20:39:52,67.667,12.6934,55.26,96,100,16.08
365,Haguenau,FR,2022-07-12 20:39:53,48.8156,7.7905,70.38,66,28,2.73
366,Zorgo,BF,2022-07-12 20:39:53,12.2489,-0.6158,84.58,52,35,11.72
367,Dasoguz,TM,2022-07-12 20:39:54,41.8363,59.9666,80.55,39,0,9.22
368,Ubinskoye,RU,2022-07-12 20:39:54,55.3068,79.6802,52.93,83,7,7.58
369,Dunmore East,IE,2022-07-12 20:39:55,52.1514,-6.9861,70.23,59,20,1.14
370,Quatre Cocos,MU,2022-07-12 20:39:01,-20.2078,57.7625,71.71,68,96,16.26
371,Evensk,RU,2022-07-12 20:39:55,61.95,159.2333,55.24,82,31,5.3
372,Port Elizabeth,ZA,2022-07-12 20:36:05,-33.918,25.5701,50.29,93,0,1.14
373,Balvi,LV,2022-07-12 20:39:56,57.1313,27.2658,57.7,97,43,6.6
374,Pinhao,BR,2022-07-12 20:39:56,-25.6956,-51.6597,50.13,78,0,2.91
375,Berdigestyakh,RU,2022-07-12 20:39:56,62.0989,126.6992,60.28,92,100,0.2
376,Ambilobe,MG,2022-07-12 20:37:21,-13.2,49.05,68.59,76,5,4.12
377,Murashi,RU,2022-07-12 20:39:57,59.3999,48.9615,64.65,96,100,4.68
378,Buchanan,LR,2022-07-12 20:39:57,5.8808,-10.0467,76.35,86,98,8.84
379,Simga,IN,2022-07-12 20:39:58,21.6333,81.7,80.91,81,98,5.39
380,Tatarsk,RU,2022-07-12 20:39:58,55.219,75.9828,55.44,75,41,7.18
381,Kutum,SD,2022-07-12 20:35:04,14.2,24.6667,79.65,50,80,4.52
382,Whitehorse,CA,2022-07-12 20:39:59,60.7161,-135.0538,47.17,93,75,9.22
383,Preobrazheniye,RU,2022-07-12 20:39:59,42.9019,133.9064,64.74,95,52,5.59
384,Taltal,CL,2022-07-12 20:39:59,-25.4,-70.4833,61.45,66,22,3.27
385,Gao,ML,2022-07-12 20:40:00,16.6362,1.637,93.18,34,62,11.77
386,Purpe,RU,2022-07-12 20:40:00,64.4803,76.6897,49.66,56,20,8.3
387,Havre-Saint-Pierre,CA,2022-07-12 20:36:32,50.2334,-63.5986,59.36,94,100,9.22
388,Chabahar,IR,2022-07-12 20:40:00,25.2919,60.643,84.04,84,65,1.16
389,Durango,MX,2022-07-12 20:39:01,24.8333,-104.8333,83.43,26,86,13.35
390,Bahia Honda,CU,2022-07-12 20:40:01,22.9036,-83.1592,88.92,58,74,4.0
391,Aksu,CN,2022-07-12 20:40:01,41.1231,80.2644,73.04,38,78,6.04
392,Tukrah,LY,2022-07-12 20:38:26,32.5341,20.5791,76.75,70,0,11.59
393,Bathsheba,BB,2022-07-12 20:40:00,13.2167,-59.5167,86.61,86,20,20.71
394,Teguldet,RU,2022-07-12 20:40:02,57.3064,88.1667,48.56,83,93,5.17
395,Choma,ZM,2022-07-12 20:40:02,-16.8065,26.9531,53.98,58,0,3.62
396,Bilma,NE,2022-07-12 20:40:03,18.6853,12.9164,97.77,12,84,21.34
397,Olenino,RU,2022-07-12 20:40:03,56.2092,33.4889,52.77,97,2,5.41
398,Tarauaca,BR,2022-07-12 20:40:03,-8.1614,-70.7656,81.28,73,91,1.99
399,Eyl,SO,2022-07-12 20:40:04,7.9803,49.8164,78.58,72,100,23.55
400,Mtimbira,TZ,2022-07-12 20:40:04,-8.7833,36.35,71.31,61,77,1.5
401,Myingyan,MM,2022-07-12 20:40:05,21.4667,95.3833,81.46,74,32,10.16
402,Seoul,KR,2022-07-12 20:40:05,37.5683,126.9778,78.37,94,100,4.61
403,Ken Caryl,US,2022-07-12 20:40:05,39.5773,-105.1169,94.66,20,54,4.0
404,Tuktoyaktuk,CA,2022-07-12 20:40:06,69.4541,-133.0374,42.8,100,100,9.22
405,Srivardhan,IN,2022-07-12 20:40:06,18.0333,73.0167,78.78,87,100,20.18
406,Sitka,US,2022-07-12 20:37:20,57.0531,-135.33,55.29,76,75,4.61
407,Iskateley,RU,2022-07-12 20:40:07,67.6803,53.1512,64.76,85,14,4.32
408,Phan Thiet,VN,2022-07-12 20:40:07,10.9333,108.1,76.57,92,100,10.31
409,Chingola,ZM,2022-07-12 20:40:08,-12.529,27.8838,56.16,62,15,5.79
410,Tinskoy,RU,2022-07-12 20:41:08,56.1525,96.9161,56.05,63,100,3.74
411,Lalibela,ET,2022-07-12 20:41:08,12.0333,39.0333,60.12,75,100,2.28
412,Dingle,PH,2022-07-12 20:41:09,10.9995,122.6711,76.17,91,100,4.32
413,Clinton,US,2022-07-12 20:41:09,42.587,-82.9199,84.27,47,20,16.11
414,Celestun,MX,2022-07-12 20:41:10,20.8667,-90.4,86.9,67,100,14.03
415,Teknaf,BD,2022-07-12 20:41:10,20.8624,92.3058,79.57,90,94,14.09
416,Komsomolskiy,UZ,2022-07-12 20:41:10,40.4272,71.7189,77.72,44,75,13.8
417,Lander,US,2022-07-12 20:41:11,42.833,-108.7307,88.61,25,0,4.61
418,Kerema,PG,2022-07-12 20:41:11,-7.9631,145.7785,77.2,87,48,2.35
419,Kemptville,CA,2022-07-12 20:41:11,45.0168,-75.641,76.8,94,39,5.75
420,Camopi,GF,2022-07-12 20:41:12,3.1655,-52.3158,75.45,97,76,3.67
421,Chokurdakh,RU,2022-07-12 20:41:12,70.6333,147.9167,46.54,87,100,9.24
422,Leskolovo,RU,2022-07-12 20:41:13,60.2634,30.4546,67.01,91,93,6.22
423,Saint-Pierre,RE,2022-07-12 20:41:13,-21.3393,55.4781,69.48,70,100,20.71
424,Comodoro Rivadavia,AR,2022-07-12 20:41:13,-45.8667,-67.5,44.46,53,20,13.8
425,General Pico,AR,2022-07-12 20:41:14,-35.6566,-63.7568,55.67,21,97,12.33
426,Taoudenni,ML,2022-07-12 20:38:25,22.6783,-3.9836,106.02,9,81,5.35
427,Fastiv,UA,2022-07-12 20:41:14,50.0767,29.9177,57.42,76,100,14.36
428,Boende,CD,2022-07-12 20:41:14,-0.2167,20.8667,79.05,56,77,2.01
429,Nuevo Progreso,MX,2022-07-12 20:41:15,23.1667,-97.95,95.54,45,100,10.0
430,Nicoya,CR,2022-07-12 20:41:15,10.1483,-85.452,82.67,79,67,2.44
431,Nizwa,OM,2022-07-12 20:41:16,22.9333,57.5333,83.1,73,91,3.58
432,Aktau,KZ,2022-07-12 20:41:16,43.65,51.2,84.78,34,89,11.83
433,Usinsk,RU,2022-07-12 20:41:16,65.9939,57.5281,68.7,68,91,5.68
434,Saint-Ambroise,CA,2022-07-12 20:41:17,48.5501,-71.3324,70.57,88,99,4.61
435,Brae,GB,2022-07-12 20:41:17,60.3964,-1.353,53.89,77,90,23.47
436,Sioux Lookout,CA,2022-07-12 20:41:18,50.1001,-91.917,62.67,94,75,2.3
437,Srbinovo,MK,2022-07-12 20:41:18,41.7058,20.9603,54.36,67,17,2.95
438,Palmer,US,2022-07-12 20:41:18,42.1584,-72.3287,87.58,62,40,23.02
439,Touros,BR,2022-07-12 20:41:19,-5.1989,-35.4608,77.22,78,9,12.88
440,Vilhena,BR,2022-07-12 20:41:19,-12.7406,-60.1458,86.22,42,0,11.5
441,Togur,RU,2022-07-12 20:41:19,58.3631,82.8265,49.71,66,66,4.61
442,Leua,SK,2022-07-12 20:41:20,48.2156,18.6071,57.81,67,69,5.35
443,Camana,PE,2022-07-12 20:41:20,-16.6228,-72.7111,62.47,79,96,6.26
444,Gizo,SB,2022-07-12 20:41:20,-8.103,156.8419,81.77,72,11,4.0
445,Port Lincoln,AU,2022-07-12 20:41:21,-34.7333,135.8667,54.28,62,100,9.86
446,La Rioja,ES,2022-07-12 20:41:21,42.25,-2.5,78.58,50,3,4.43
447,Fort Nelson,CA,2022-07-12 20:41:22,58.8053,-122.7002,67.59,32,75,5.75
448,Rundu,NA,2022-07-12 20:41:22,-17.9333,19.7667,57.52,39,0,6.69
449,Namibe,AO,2022-07-12 20:39:07,-15.1961,12.1522,63.37,85,1,0.89
450,Nogliki,RU,2022-07-12 20:41:23,51.8333,143.1667,56.84,84,7,6.82
451,Bowen,AU,2022-07-12 20:41:23,-20.0167,148.2333,57.22,77,0,10.92
452,Peniche,PT,2022-07-12 20:41:23,39.3558,-9.3811,72.93,75,100,8.59
453,Xining,CN,2022-07-12 20:36:59,36.6167,101.7667,56.44,82,43,3.42
454,Macklin,CA,2022-07-12 20:41:24,52.3334,-109.9348,84.54,31,4,14.63
455,San Quintin,MX,2022-07-12 20:41:24,30.4833,-115.95,71.4,67,98,15.61
456,Pampa,US,2022-07-12 20:41:25,35.5362,-100.9599,96.57,36,0,13.8
457,Hami,CN,2022-07-12 20:41:25,42.8,93.45,84.13,21,97,10.11
458,Alta Floresta,BR,2022-07-12 20:42:25,-9.8756,-56.0861,93.02,33,40,4.61
459,Puerto Baquerizo Moreno,EC,2022-07-12 20:42:26,-0.9,-89.6,76.19,69,40,6.91
460,Destin,US,2022-07-12 20:42:26,30.3935,-86.4958,90.05,72,40,12.66
461,Porto Santo,PT,2022-07-12 20:42:26,33.072,-16.3415,68.38,77,20,9.22
462,Jennings,US,2022-07-12 20:42:27,38.7192,-90.2604,89.98,40,20,14.97
463,Roebourne,AU,2022-07-12 20:42:27,-20.7833,117.1333,64.08,45,0,10.16
464,Chitrakonda,IN,2022-07-12 20:42:27,18.1167,82.0833,70.54,97,100,8.41
465,Mooresville,US,2022-07-12 20:42:28,35.5849,-80.8101,90.37,59,100,9.98
466,Harper,LR,2022-07-12 20:42:28,4.375,-7.7169,76.5,78,100,11.59
467,Never,FR,2022-07-12 20:42:28,46.9896,3.159,78.55,41,41,5.61
468,Sokoni,TZ,2022-07-12 20:42:29,-6.4333,39.55,76.1,76,34,17.38
469,Panevezys,LT,2022-07-12 20:42:29,55.7333,24.35,60.21,96,89,5.64
470,Beringovskiy,RU,2022-07-12 20:42:29,63.05,179.3167,56.73,69,94,10.54
471,Sambava,MG,2022-07-12 20:42:06,-14.2667,50.1667,68.99,89,31,10.13
472,Vao,NC,2022-07-12 20:42:30,-22.6667,167.4833,72.72,82,94,11.41
473,Vrangel,RU,2022-07-12 20:42:30,42.7297,133.0839,63.48,96,75,2.28
474,Marathon,US,2022-07-12 20:42:31,44.9,-89.7668,81.93,50,75,9.22
475,Muros,ES,2022-07-12 20:42:31,42.7762,-9.0603,81.09,53,6,6.44
476,Vostok,RU,2022-07-12 20:42:32,46.4856,135.8833,62.38,94,85,2.24
477,Belz,FR,2022-07-12 20:42:32,47.6751,-3.168,78.42,54,84,1.01
478,Sao Filipe,CV,2022-07-12 20:42:32,14.8961,-24.4956,74.64,83,3,5.97
479,Guerrero Negro,MX,2022-07-12 20:42:33,27.9769,-114.0611,71.35,68,89,14.94
480,Akyab,MM,2022-07-12 20:42:33,20.15,92.9,80.22,87,99,16.49
481,Rameswaram,IN,2022-07-12 20:42:33,9.2833,79.3,82.65,78,100,27.45
482,Marzuq,YE,2022-07-12 20:42:34,14.4,46.4667,76.32,41,99,6.22
483,Leshukonskoye,RU,2022-07-12 20:42:34,64.8989,45.7622,69.24,65,14,6.51
484,Labuhan,ID,2022-07-12 20:42:35,-6.8844,112.2051,75.97,88,82,5.61
485,Sol-Iletsk,RU,2022-07-12 20:42:35,51.1631,54.9918,74.41,64,11,7.29
486,Davenda,RU,2022-07-12 20:42:35,53.5556,119.317,57.18,99,100,3.49
487,Jasper,US,2022-07-12 20:42:36,37.2001,-94.3502,89.11,43,75,8.05
488,Shahrud,IR,2022-07-12 20:42:36,36.4182,54.9763,71.46,35,0,8.21
489,Dwarka,IN,2022-07-12 20:39:18,22.2394,68.9678,81.39,86,96,21.65
490,Kodinsk,RU,2022-07-12 20:42:37,58.6881,99.1844,55.87,57,100,2.73
491,Green River,US,2022-07-12 20:39:41,41.5286,-109.4662,92.19,15,0,5.01
492,La Mira,MX,2022-07-12 20:42:37,18.035,-102.3266,86.05,68,50,9.26
493,Loreto,MX,2022-07-12 20:42:38,22.2667,-101.9667,80.04,29,99,14.12
494,Cabra,ES,2022-07-12 20:42:38,37.4725,-4.4421,80.04,31,68,7.45
495,Upata,VE,2022-07-12 20:42:38,8.0086,-62.3989,78.6,83,58,5.64
496,Menzelinsk,RU,2022-07-12 20:42:39,55.7271,53.1026,66.79,76,93,3.6
497,Bikapur,IN,2022-07-12 20:42:39,26.6,82.1333,91.9,48,57,10.83
498,Ola,RU,2022-07-12 20:42:40,59.5833,151.2833,56.62,97,100,4.16
499,Shache,CN,2022-07-12 20:42:40,38.4167,77.2406,77.34,29,100,7.02
500,America Dourada,BR,2022-07-12 20:42:40,-11.4553,-41.4361,71.92,71,23,9.08
501,Rapid Valley,US,2022-07-12 20:42:03,44.0625,-103.1463,91.76,33,0,14.0
502,Norman Wells,CA,2022-07-12 20:38:17,65.282,-126.8329,68.04,60,75,8.05
503,Talara,PE,2022-07-12 20:42:41,-4.5772,-81.2719,74.16,64,0,13.8
504,Nenjiang,CN,2022-07-12 20:42:41,49.1833,125.2167,65.41,95,100,5.32
505,Macas,EC,2022-07-12 20:42:42,-2.3167,-78.1167,78.55,69,40,9.22
506,Mporokoso,ZM,2022-07-12 20:43:42,-9.3727,30.125,63.59,50,91,7.36
507,Kampot,KH,2022-07-12 20:43:43,10.6167,104.1833,77.16,91,100,16.87
508,Traverse City,US,2022-07-12 20:43:43,44.7631,-85.6206,70.0,71,75,12.66
509,Hualmay,PE,2022-07-12 20:43:43,-11.0964,-77.6139,65.3,70,14,9.57
510,Labrea,BR,2022-07-12 20:43:44,-7.2586,-64.7981,80.96,74,84,2.59
511,Warri,NG,2022-07-12 20:43:44,5.5167,5.75,73.8,87,81,4.12
512,Beppu,JP,2022-07-12 20:43:45,33.2736,131.4919,77.49,88,100,3.29
513,Nizhneivkino,RU,2022-07-12 20:43:45,58.194,49.5214,67.35,91,99,5.93
514,Zyryanka,RU,2022-07-12 20:43:45,65.75,150.85,74.98,65,100,13.18
515,Liku,ID,2022-07-12 20:43:46,-0.7275,119.8922,75.43,94,100,4.0
516,Miraflores,MX,2022-07-12 20:43:46,19.2167,-98.8083,77.04,55,100,1.34
517,Mandan,US,2022-07-12 20:43:46,46.8267,-100.8896,82.38,49,0,11.5
518,Lorengau,PG,2022-07-12 20:43:47,-2.0226,147.2712,81.5,80,99,8.5
519,Hervey Bay,AU,2022-07-12 20:42:20,-25.2986,152.8535,54.01,72,0,14.52
520,Nybro,SE,2022-07-12 20:43:47,56.7446,15.9071,61.05,56,98,9.33
521,Zhigansk,RU,2022-07-12 20:43:48,66.7697,123.3711,57.38,88,60,4.97
522,Kathu,TH,2022-07-12 20:43:48,7.9178,98.3332,85.75,84,100,23.58
523,Catonsville,US,2022-07-12 20:43:48,39.272,-76.7319,92.52,57,40,14.97
524,La Moncada,MX,2022-07-12 20:43:49,20.2667,-100.8,88.66,21,98,5.01
525,Chunskiy,RU,2022-07-12 20:43:49,56.0815,99.6342,55.69,57,98,1.25
526,Zuwarah,LY,2022-07-12 20:43:50,32.9312,12.082,79.9,65,0,17.6
527,Tripoli,LY,2022-07-12 20:43:50,32.8752,13.1875,79.32,63,0,17.09
528,Kavaratti,IN,2022-07-12 20:43:50,10.5669,72.642,81.5,82,100,19.33
529,Maragogi,BR,2022-07-12 20:43:51,-9.0122,-35.2225,75.38,85,95,5.93
530,Gravdal,NO,2022-07-12 20:41:17,68.1214,13.5031,60.69,77,0,4.61
531,Victor Harbor,AU,2022-07-12 20:43:51,-35.5667,138.6167,45.68,78,87,8.5
532,Saint-Augustin,CA,2022-07-12 20:43:09,51.226,-58.6502,60.13,78,100,18.37
533,Pisco,PE,2022-07-12 20:43:52,-13.7,-76.2167,64.45,72,20,10.36
534,Chornukhy,UA,2022-07-12 20:43:52,50.2673,32.942,56.97,62,23,10.11
535,Beipiao,CN,2022-07-12 20:43:53,41.7919,120.7792,70.68,94,100,3.58
536,Cotonou,BJ,2022-07-12 20:41:45,6.3654,2.4183,75.18,94,75,3.44
537,Comonfort,MX,2022-07-12 20:43:53,20.7167,-100.7667,87.21,18,100,11.74
538,Antalaha,MG,2022-07-12 20:43:53,-14.9003,50.2788,68.27,85,18,7.23
539,Pringsewu,ID,2022-07-12 20:43:54,-5.3582,104.9744,72.73,95,100,1.28
540,Alofi,NU,2022-07-12 20:43:54,-19.0595,-169.9187,76.89,73,40,13.8
541,Shimoda,JP,2022-07-12 20:43:54,34.6667,138.95,72.1,91,98,3.38
542,Iraray,PH,2022-07-12 20:43:55,8.9936,118.0511,78.57,84,100,4.76
543,Mao,ES,2022-07-12 20:43:55,39.8885,4.2658,77.56,78,0,4.61
544,Vangaindrano,MG,2022-07-12 20:42:08,-23.35,47.6,64.13,90,5,2.71
545,Nabire,ID,2022-07-12 20:43:56,-3.3667,135.4833,74.86,91,100,3.2
546,Ndjole,GA,2022-07-12 20:43:56,-0.1783,10.7649,73.85,82,90,5.35
547,Mathbaria,BD,2022-07-12 20:43:56,22.2876,89.9593,81.55,87,85,10.63
548,Asmara,ER,2022-07-12 20:43:57,15.3333,38.9333,61.9,67,100,4.83
549,Sari,IR,2022-07-12 20:43:57,36.5633,53.0601,78.3,68,0,0.89
550,Puerto Colombia,CO,2022-07-12 20:43:57,10.9878,-74.9547,86.09,75,92,13.4
551,Tilichiki,RU,2022-07-12 20:43:58,60.4667,166.1,59.9,70,7,4.97
552,Colac,AU,2022-07-12 20:43:59,-38.3333,143.5833,45.09,93,44,5.35
553,Rosetta,EG,2022-07-12 20:43:59,31.4044,30.4164,76.75,69,0,14.12
554,Trelew,AR,2022-07-12 20:44:59,-43.249,-65.3051,47.34,37,25,18.16
555,Sabzevar,IR,2022-07-12 20:45:01,36.2126,57.6819,79.88,21,0,16.11
556,Sao Raimundo Nonato,BR,2022-07-12 20:45:01,-9.0153,-42.6994,81.54,33,36,4.47
557,Itarana,BR,2022-07-12 20:45:01,-19.8739,-40.8753,70.09,83,92,2.28
558,Abha,SA,2022-07-12 20:42:11,18.2164,42.5053,67.82,68,20,8.05
559,Requena,ES,2022-07-12 20:42:21,39.4883,-1.1004,73.8,48,2,4.07
560,Norsup,VU,2022-07-12 20:45:02,-16.0667,167.3833,81.1,72,86,11.45
561,Hongjiang,CN,2022-07-12 20:45:03,27.11,109.9956,77.45,90,2,4.47
562,Los Llanos De Aridane,ES,2022-07-12 20:44:57,28.6585,-17.9182,68.13,83,100,12.66
563,Krasnoselkup,RU,2022-07-12 20:45:03,65.7,82.4667,43.48,73,18,8.9
564,Bayan,CN,2022-07-12 20:45:04,46.0833,127.4,67.23,86,100,10.11
565,Piacabucu,BR,2022-07-12 20:45:04,-10.4056,-36.4344,74.61,87,13,10.78
566,Isla Vista,US,2022-07-12 20:45:05,34.4133,-119.861,90.37,69,40,8.05
567,Dawei,MM,2022-07-12 20:45:05,14.0833,98.2,76.55,93,100,12.55
568,Yulin,CN,2022-07-12 20:45:06,22.6333,110.15,76.8,97,11,1.23
569,Rorvik,NO,2022-07-12 20:45:06,64.8621,11.2373,58.98,100,75,9.22
570,Prince Rupert,CA,2022-07-12 20:45:06,54.3161,-130.3201,55.49,85,100,13.8
571,Pontes E Lacerda,BR,2022-07-12 20:42:53,-15.2261,-59.3353,81.64,45,71,1.23
